{
	"song": {
		"sectionLengths": [],
		"player1": "bf-pixelD3",
		"events": [],
		"gfVersion": "gf-pixelD3",
		"player2": "senpaiThorns",
		"notes": [
			{
				"typeOfSection": 0,
				"sectionNotes": [
					[
						394.736842105263,
						3,
						0
					],
					[
						78.9473684210526,
						3,
						157.894736842105
					],
					[
						552.631578947368,
						0,
						0
					],
					[
						710.526315789474,
						2,
						0
					],
					[
						868.421052631579,
						2,
						0
					],
					[
						1026.31578947368,
						0,
						0
					]
				],
				"lengthInSteps": 16,
				"altAnim": false,
				"bpm": 150,
				"changeBPM": false,
				"mustHitSection": false
			},
			{
				"typeOfSection": 0,
				"sectionNotes": [
					[
						1342.10526315789,
						3,
						0
					],
					[
						1657.89473684211,
						1,
						0
					],
					[
						1815.78947368421,
						0,
						0
					],
					[
						2131.57894736842,
						2,
						0
					],
					[
						2210.52631578947,
						1,
						0
					],
					[
						2289.47368421053,
						0,
						0
					],
					[
						2368.42105263158,
						3,
						0
					]
				],
				"lengthInSteps": 16,
				"altAnim": false,
				"bpm": 150,
				"changeBPM": false,
				"mustHitSection": false
			},
			{
				"typeOfSection": 0,
				"sectionNotes": [
					[
						2605.26315789474,
						3,
						0
					],
					[
						2763.15789473684,
						3,
						0
					],
					[
						2921.05263157895,
						2,
						0
					],
					[
						3078.94736842105,
						1,
						0
					],
					[
						3236.84210526316,
						3,
						0
					],
					[
						3394.73684210526,
						0,
						0
					],
					[
						3552.63157894737,
						3,
						0
					],
					[
						3710.52631578947,
						0,
						0
					]
				],
				"lengthInSteps": 16,
				"altAnim": false,
				"bpm": 190,
				"changeBPM": false,
				"mustHitSection": false
			},
			{
				"typeOfSection": 0,
				"sectionNotes": [
					[
						4500,
						2,
						0
					],
					[
						4657.8947368421,
						2,
						0
					],
					[
						3868.42105263158,
						3,
						0
					],
					[
						4184.21052631579,
						1,
						0
					],
					[
						4342.1052631579,
						0,
						0
					],
					[
						4815.78947368421,
						3,
						0
					]
				],
				"lengthInSteps": 16,
				"altAnim": false,
				"bpm": 190,
				"changeBPM": false,
				"mustHitSection": false
			},
			{
				"typeOfSection": 0,
				"sectionNotes": [
					[
						5447.36842105263,
						3,
						0
					],
					[
						5131.57894736842,
						3,
						157.894736842105
					],
					[
						5605.26315789474,
						0,
						0
					],
					[
						5763.15789473684,
						2,
						0
					],
					[
						5921.05263157895,
						2,
						0
					],
					[
						6078.94736842105,
						0,
						0
					]
				],
				"lengthInSteps": 16,
				"altAnim": false,
				"bpm": 190,
				"changeBPM": false,
				"mustHitSection": true
			},
			{
				"typeOfSection": 0,
				"sectionNotes": [
					[
						6394.73684210526,
						3,
						0
					],
					[
						6710.52631578947,
						1,
						0
					],
					[
						6868.42105263158,
						0,
						0
					],
					[
						7184.21052631579,
						2,
						0
					],
					[
						7263.15789473684,
						1,
						0
					],
					[
						7342.10526315789,
						0,
						0
					],
					[
						7421.05263157895,
						3,
						0
					]
				],
				"lengthInSteps": 16,
				"altAnim": false,
				"bpm": 190,
				"changeBPM": false,
				"mustHitSection": true
			},
			{
				"typeOfSection": 0,
				"sectionNotes": [
					[
						7657.8947368421,
						3,
						0
					],
					[
						7815.78947368421,
						3,
						0
					],
					[
						7973.68421052632,
						2,
						0
					],
					[
						8131.57894736842,
						1,
						0
					],
					[
						8289.47368421053,
						3,
						0
					],
					[
						8447.36842105263,
						0,
						0
					],
					[
						8605.26315789474,
						3,
						0
					],
					[
						8763.15789473684,
						0,
						0
					]
				],
				"lengthInSteps": 16,
				"altAnim": false,
				"bpm": 190,
				"changeBPM": false,
				"mustHitSection": true
			},
			{
				"typeOfSection": 0,
				"sectionNotes": [
					[
						9552.63157894737,
						2,
						0
					],
					[
						9710.52631578947,
						2,
						0
					],
					[
						8921.05263157895,
						3,
						0
					],
					[
						9236.84210526316,
						1,
						0
					],
					[
						9394.73684210526,
						0,
						0
					],
					[
						9868.42105263158,
						3,
						0
					]
				],
				"lengthInSteps": 16,
				"altAnim": false,
				"bpm": 190,
				"changeBPM": false,
				"mustHitSection": true
			},
			{
				"typeOfSection": 0,
				"sectionNotes": [
					[
						10815.7894736842,
						0,
						0
					],
					[
						10973.6842105263,
						2,
						0
					],
					[
						11131.5789473684,
						3,
						0
					],
					[
						10500,
						1,
						0
					],
					[
						10184.2105263158,
						2,
						0
					]
				],
				"lengthInSteps": 16,
				"altAnim": false,
				"bpm": 190,
				"changeBPM": false,
				"mustHitSection": false
			},
			{
				"typeOfSection": 0,
				"sectionNotes": [
					[
						11447.3684210526,
						2,
						0
					],
					[
						11763.1578947368,
						1,
						0
					],
					[
						11921.0526315789,
						2,
						0
					],
					[
						12236.8421052632,
						0,
						0
					],
					[
						12394.7368421053,
						3,
						0
					]
				],
				"lengthInSteps": 16,
				"altAnim": false,
				"bpm": 190,
				"changeBPM": false,
				"mustHitSection": false
			},
			{
				"typeOfSection": 0,
				"sectionNotes": [
					[
						12710.5263157895,
						2,
						0
					],
					[
						13026.3157894737,
						1,
						0
					],
					[
						13263.1578947368,
						0,
						0
					],
					[
						13500,
						2,
						0
					],
					[
						13657.8947368421,
						3,
						0
					]
				],
				"lengthInSteps": 16,
				"altAnim": false,
				"bpm": 190,
				"changeBPM": false,
				"mustHitSection": false
			},
			{
				"typeOfSection": 0,
				"sectionNotes": [
					[
						13973.6842105263,
						1,
						0
					],
					[
						14289.4736842105,
						3,
						0
					],
					[
						14447.3684210526,
						0,
						0
					],
					[
						14605.2631578947,
						0,
						0
					],
					[
						14763.1578947368,
						2,
						0
					],
					[
						14921.0526315789,
						3,
						0
					]
				],
				"lengthInSteps": 16,
				"altAnim": false,
				"bpm": 190,
				"changeBPM": false,
				"mustHitSection": false
			},
			{
				"typeOfSection": 0,
				"sectionNotes": [
					[
						15868.4210526316,
						0,
						0
					],
					[
						16026.3157894737,
						2,
						0
					],
					[
						16184.2105263158,
						3,
						0
					],
					[
						15552.6315789474,
						1,
						0
					],
					[
						15236.8421052632,
						2,
						0
					]
				],
				"lengthInSteps": 16,
				"altAnim": false,
				"bpm": 190,
				"changeBPM": false,
				"mustHitSection": true
			},
			{
				"typeOfSection": 0,
				"sectionNotes": [
					[
						16500,
						2,
						0
					],
					[
						16815.7894736842,
						1,
						0
					],
					[
						16973.6842105263,
						2,
						0
					],
					[
						17289.4736842105,
						0,
						0
					],
					[
						17447.3684210526,
						3,
						0
					]
				],
				"lengthInSteps": 16,
				"altAnim": false,
				"bpm": 190,
				"changeBPM": false,
				"mustHitSection": true
			},
			{
				"typeOfSection": 0,
				"sectionNotes": [
					[
						17763.1578947368,
						2,
						0
					],
					[
						18078.947368421,
						1,
						0
					],
					[
						18315.7894736842,
						0,
						0
					],
					[
						18552.6315789474,
						2,
						0
					],
					[
						18710.5263157895,
						3,
						0
					]
				],
				"lengthInSteps": 16,
				"altAnim": false,
				"bpm": 190,
				"changeBPM": false,
				"mustHitSection": true
			},
			{
				"typeOfSection": 0,
				"sectionNotes": [
					[
						19026.3157894737,
						1,
						0
					],
					[
						19342.1052631579,
						3,
						0
					],
					[
						19500,
						0,
						0
					],
					[
						19657.8947368421,
						0,
						0
					],
					[
						19815.7894736842,
						2,
						0
					],
					[
						19973.6842105263,
						3,
						0
					]
				],
				"lengthInSteps": 16,
				"altAnim": false,
				"bpm": 190,
				"changeBPM": false,
				"mustHitSection": true
			},
			{
				"typeOfSection": 0,
				"sectionNotes": [
					[
						20921.052631579,
						0,
						0
					],
					[
						21078.9473684211,
						1,
						0
					],
					[
						20289.4736842105,
						0,
						0
					],
					[
						20447.3684210526,
						1,
						0
					],
					[
						20605.2631578947,
						3,
						0
					],
					[
						20763.1578947368,
						1,
						0
					],
					[
						21236.8421052632,
						0,
						0
					],
					[
						21394.7368421053,
						1,
						0
					]
				],
				"lengthInSteps": 16,
				"altAnim": false,
				"bpm": 190,
				"changeBPM": false,
				"mustHitSection": false
			},
			{
				"typeOfSection": 0,
				"sectionNotes": [
					[
						21552.6315789474,
						2,
						0
					],
					[
						21710.5263157895,
						3,
						0
					],
					[
						21868.4210526316,
						1,
						0
					],
					[
						22026.3157894737,
						2,
						0
					],
					[
						22184.2105263158,
						3,
						0
					],
					[
						22342.1052631579,
						0,
						0
					],
					[
						22500,
						1,
						0
					],
					[
						22657.8947368421,
						3,
						0
					]
				],
				"lengthInSteps": 16,
				"altAnim": false,
				"bpm": 190,
				"changeBPM": false,
				"mustHitSection": false
			},
			{
				"typeOfSection": 0,
				"sectionNotes": [
					[
						23447.3684210526,
						0,
						0
					],
					[
						23605.2631578947,
						1,
						0
					],
					[
						22815.7894736842,
						0,
						0
					],
					[
						22973.6842105263,
						1,
						0
					],
					[
						23131.5789473684,
						3,
						0
					],
					[
						23289.4736842105,
						1,
						0
					],
					[
						23763.1578947368,
						0,
						0
					],
					[
						23921.052631579,
						1,
						0
					]
				],
				"lengthInSteps": 16,
				"altAnim": false,
				"bpm": 190,
				"changeBPM": false,
				"mustHitSection": false
			},
			{
				"typeOfSection": 0,
				"sectionNotes": [
					[
						24868.4210526316,
						6,
						0
					],
					[
						25026.3157894737,
						5,
						0
					],
					[
						25184.2105263158,
						4,
						0
					],
					[
						24078.9473684211,
						2,
						0
					],
					[
						24236.8421052632,
						3,
						0
					],
					[
						24394.7368421053,
						1,
						0
					],
					[
						24552.6315789474,
						2,
						0
					],
					[
						24710.5263157895,
						3,
						0
					],
					[
						24868.4210526316,
						0,
						0
					],
					[
						25026.3157894737,
						1,
						0
					],
					[
						25184.2105263158,
						3,
						0
					]
				],
				"lengthInSteps": 16,
				"altAnim": false,
				"bpm": 190,
				"changeBPM": false,
				"mustHitSection": false
			},
			{
				"typeOfSection": 0,
				"sectionNotes": [
					[
						25973.6842105263,
						0,
						0
					],
					[
						26131.5789473684,
						1,
						0
					],
					[
						25342.1052631579,
						0,
						0
					],
					[
						25500,
						1,
						0
					],
					[
						25657.8947368421,
						3,
						0
					],
					[
						25815.7894736842,
						1,
						0
					],
					[
						26289.4736842105,
						0,
						0
					],
					[
						26447.3684210526,
						1,
						0
					]
				],
				"lengthInSteps": 16,
				"altAnim": false,
				"bpm": 190,
				"changeBPM": false,
				"mustHitSection": true
			},
			{
				"typeOfSection": 0,
				"sectionNotes": [
					[
						26605.2631578947,
						2,
						0
					],
					[
						26763.1578947368,
						3,
						0
					],
					[
						26921.052631579,
						1,
						0
					],
					[
						27078.9473684211,
						2,
						0
					],
					[
						27236.8421052632,
						3,
						0
					],
					[
						27394.7368421053,
						0,
						0
					],
					[
						27552.6315789474,
						1,
						0
					],
					[
						27710.5263157895,
						3,
						0
					]
				],
				"lengthInSteps": 16,
				"altAnim": false,
				"bpm": 190,
				"changeBPM": false,
				"mustHitSection": true
			},
			{
				"typeOfSection": 0,
				"sectionNotes": [
					[
						28500,
						0,
						0
					],
					[
						28657.8947368421,
						1,
						0
					],
					[
						27868.4210526316,
						0,
						0
					],
					[
						28026.3157894737,
						1,
						0
					],
					[
						28184.2105263158,
						3,
						0
					],
					[
						28342.1052631579,
						1,
						0
					],
					[
						28815.7894736842,
						0,
						0
					],
					[
						28973.6842105263,
						1,
						0
					]
				],
				"lengthInSteps": 16,
				"altAnim": false,
				"bpm": 190,
				"changeBPM": false,
				"mustHitSection": true
			},
			{
				"typeOfSection": 0,
				"sectionNotes": [
					[
						29131.5789473684,
						2,
						0
					],
					[
						29289.4736842105,
						3,
						0
					],
					[
						29447.3684210526,
						1,
						0
					],
					[
						29605.2631578947,
						2,
						0
					],
					[
						29763.1578947368,
						3,
						0
					],
					[
						29921.052631579,
						0,
						0
					],
					[
						30078.9473684211,
						1,
						0
					],
					[
						30236.8421052632,
						3,
						0
					]
				],
				"lengthInSteps": 16,
				"altAnim": false,
				"bpm": 190,
				"changeBPM": false,
				"mustHitSection": true
			},
			{
				"typeOfSection": 0,
				"sectionNotes": [
					[
						30394.7368421052,
						2,
						0
					],
					[
						30552.6315789473,
						0,
						0
					],
					[
						30710.5263157894,
						3,
						0
					],
					[
						31026.3157894737,
						1,
						0
					],
					[
						31500,
						2,
						0
					],
					[
						30868.4210526316,
						2,
						0
					],
					[
						31342.1052631579,
						0,
						0
					],
					[
						31184.2105263158,
						1,
						0
					]
				],
				"lengthInSteps": 16,
				"altAnim": false,
				"bpm": 190,
				"changeBPM": false,
				"mustHitSection": false
			},
			{
				"typeOfSection": 0,
				"sectionNotes": [
					[
						31657.8947368421,
						0,
						0
					],
					[
						32131.5789473684,
						1,
						0
					],
					[
						32289.4736842105,
						3,
						0
					],
					[
						32605.2631578947,
						0,
						0
					],
					[
						32447.3684210526,
						3,
						0
					],
					[
						32763.1578947368,
						3,
						0
					],
					[
						31815.7894736842,
						2,
						0
					],
					[
						31973.6842105263,
						3,
						0
					]
				],
				"lengthInSteps": 16,
				"altAnim": false,
				"bpm": 190,
				"changeBPM": false,
				"mustHitSection": false
			},
			{
				"typeOfSection": 0,
				"sectionNotes": [
					[
						32921.0526315789,
						1,
						0
					],
					[
						33078.947368421,
						2,
						0
					],
					[
						33236.8421052632,
						1,
						0
					],
					[
						33394.7368421053,
						0,
						0
					],
					[
						33552.6315789474,
						1,
						0
					],
					[
						33710.5263157895,
						2,
						0
					],
					[
						33868.4210526316,
						0,
						0
					],
					[
						34026.3157894737,
						3,
						0
					]
				],
				"lengthInSteps": 16,
				"altAnim": false,
				"bpm": 190,
				"changeBPM": false,
				"mustHitSection": false
			},
			{
				"typeOfSection": 0,
				"sectionNotes": [
					[
						34184.2105263158,
						3,
						0
					],
					[
						34342.1052631579,
						0,
						0
					],
					[
						34500,
						3,
						0
					],
					[
						34657.8947368421,
						2,
						0
					],
					[
						34815.7894736842,
						0,
						0
					],
					[
						34973.6842105263,
						1,
						0
					],
					[
						35131.5789473684,
						0,
						315.789473684211
					]
				],
				"lengthInSteps": 16,
				"altAnim": false,
				"bpm": 190,
				"changeBPM": false,
				"mustHitSection": false
			},
			{
				"typeOfSection": 0,
				"sectionNotes": [
					[
						35447.3684210526,
						2,
						0
					],
					[
						35605.2631578947,
						0,
						0
					],
					[
						35763.1578947368,
						3,
						0
					],
					[
						36078.9473684211,
						1,
						0
					],
					[
						36552.6315789474,
						2,
						0
					],
					[
						35921.052631579,
						2,
						0
					],
					[
						36394.7368421053,
						0,
						0
					],
					[
						36236.8421052632,
						1,
						0
					]
				],
				"lengthInSteps": 16,
				"altAnim": false,
				"bpm": 190,
				"changeBPM": false,
				"mustHitSection": true
			},
			{
				"typeOfSection": 0,
				"sectionNotes": [
					[
						36710.5263157895,
						0,
						0
					],
					[
						37184.2105263158,
						1,
						0
					],
					[
						37342.1052631579,
						3,
						0
					],
					[
						37657.8947368421,
						0,
						0
					],
					[
						37500,
						3,
						0
					],
					[
						37815.7894736842,
						3,
						0
					],
					[
						36868.4210526316,
						2,
						0
					],
					[
						37026.3157894737,
						3,
						0
					]
				],
				"lengthInSteps": 16,
				"altAnim": false,
				"bpm": 190,
				"changeBPM": false,
				"mustHitSection": true
			},
			{
				"typeOfSection": 0,
				"sectionNotes": [
					[
						37973.6842105263,
						1,
						0
					],
					[
						38131.5789473684,
						2,
						0
					],
					[
						38289.4736842105,
						1,
						0
					],
					[
						38447.3684210526,
						0,
						0
					],
					[
						38605.2631578947,
						1,
						0
					],
					[
						38763.1578947368,
						2,
						0
					],
					[
						38921.052631579,
						0,
						0
					],
					[
						39078.9473684211,
						3,
						0
					]
				],
				"lengthInSteps": 16,
				"altAnim": false,
				"bpm": 190,
				"changeBPM": false,
				"mustHitSection": true
			},
			{
				"typeOfSection": 0,
				"sectionNotes": [
					[
						39236.8421052632,
						3,
						0
					],
					[
						39394.7368421053,
						0,
						0
					],
					[
						39552.6315789474,
						3,
						0
					],
					[
						39710.5263157895,
						2,
						0
					],
					[
						39868.4210526316,
						0,
						0
					],
					[
						40026.3157894737,
						1,
						0
					],
					[
						40184.2105263158,
						0,
						315.789473684211
					]
				],
				"lengthInSteps": 16,
				"altAnim": false,
				"bpm": 190,
				"changeBPM": false,
				"mustHitSection": true
			},
			{
				"typeOfSection": 0,
				"sectionNotes": [
					[
						40500,
						0,
						0
					],
					[
						40657.8947368421,
						1,
						0
					],
					[
						40815.7894736842,
						0,
						0
					],
					[
						40973.6842105263,
						2,
						0
					],
					[
						41131.5789473684,
						3,
						0
					],
					[
						41289.4736842105,
						1,
						0
					],
					[
						41447.3684210526,
						0,
						0
					],
					[
						41605.2631578947,
						3,
						0
					]
				],
				"lengthInSteps": 16,
				"altAnim": false,
				"bpm": 190,
				"changeBPM": false,
				"mustHitSection": false
			},
			{
				"typeOfSection": 0,
				"sectionNotes": [
					[
						41763.1578947368,
						2,
						0
					],
					[
						41921.0526315789,
						0,
						0
					],
					[
						42078.947368421,
						1,
						0
					],
					[
						42236.8421052631,
						3,
						0
					],
					[
						42394.7368421053,
						2,
						0
					],
					[
						42552.6315789474,
						0,
						0
					],
					[
						42710.5263157895,
						3,
						0
					],
					[
						42868.4210526316,
						2,
						0
					]
				],
				"lengthInSteps": 16,
				"altAnim": false,
				"bpm": 190,
				"changeBPM": false,
				"mustHitSection": false
			},
			{
				"typeOfSection": 0,
				"sectionNotes": [
					[
						43026.3157894737,
						3,
						0
					],
					[
						43184.2105263158,
						1,
						0
					],
					[
						43342.1052631579,
						0,
						0
					],
					[
						43500,
						2,
						0
					],
					[
						43657.8947368421,
						0,
						0
					],
					[
						43815.7894736842,
						1,
						0
					],
					[
						43973.6842105263,
						0,
						0
					],
					[
						44131.5789473684,
						2,
						0
					],
					[
						42947.3684210526,
						2,
						0
					]
				],
				"lengthInSteps": 16,
				"altAnim": false,
				"bpm": 190,
				"changeBPM": false,
				"mustHitSection": false
			},
			{
				"typeOfSection": 0,
				"sectionNotes": [
					[
						44289.4736842105,
						3,
						0
					],
					[
						44447.3684210526,
						1,
						0
					],
					[
						44605.2631578947,
						0,
						0
					],
					[
						44763.1578947368,
						2,
						0
					],
					[
						44921.0526315789,
						3,
						0
					],
					[
						45078.947368421,
						0,
						0
					],
					[
						45236.8421052631,
						1,
						0
					],
					[
						45394.7368421052,
						2,
						0
					]
				],
				"lengthInSteps": 16,
				"altAnim": false,
				"bpm": 190,
				"changeBPM": false,
				"mustHitSection": false
			},
			{
				"typeOfSection": 0,
				"sectionNotes": [
					[
						45552.6315789474,
						0,
						0
					],
					[
						45710.5263157895,
						1,
						0
					],
					[
						45868.4210526316,
						0,
						0
					],
					[
						46026.3157894737,
						2,
						0
					],
					[
						46184.2105263158,
						3,
						0
					],
					[
						46342.1052631579,
						1,
						0
					],
					[
						46500,
						0,
						0
					],
					[
						46657.8947368421,
						3,
						0
					]
				],
				"lengthInSteps": 16,
				"altAnim": false,
				"bpm": 190,
				"changeBPM": false,
				"mustHitSection": true
			},
			{
				"typeOfSection": 0,
				"sectionNotes": [
					[
						46815.7894736842,
						2,
						0
					],
					[
						46973.6842105263,
						0,
						0
					],
					[
						47131.5789473684,
						1,
						0
					],
					[
						47289.4736842105,
						3,
						0
					],
					[
						47447.3684210526,
						2,
						0
					],
					[
						47605.2631578947,
						0,
						0
					],
					[
						47763.1578947368,
						3,
						0
					],
					[
						47921.0526315789,
						2,
						0
					]
				],
				"lengthInSteps": 16,
				"altAnim": false,
				"bpm": 190,
				"changeBPM": false,
				"mustHitSection": true
			},
			{
				"typeOfSection": 0,
				"sectionNotes": [
					[
						48078.947368421,
						3,
						0
					],
					[
						48236.8421052631,
						1,
						0
					],
					[
						48394.7368421052,
						0,
						0
					],
					[
						48552.6315789474,
						2,
						0
					],
					[
						48710.5263157895,
						0,
						0
					],
					[
						48868.4210526316,
						1,
						0
					],
					[
						49026.3157894737,
						0,
						0
					],
					[
						49184.2105263158,
						2,
						0
					],
					[
						48000,
						2,
						0
					]
				],
				"lengthInSteps": 16,
				"altAnim": false,
				"bpm": 190,
				"changeBPM": false,
				"mustHitSection": true
			},
			{
				"typeOfSection": 0,
				"sectionNotes": [
					[
						49342.1052631579,
						3,
						0
					],
					[
						49500,
						1,
						0
					],
					[
						49657.8947368421,
						0,
						0
					],
					[
						49815.7894736842,
						2,
						0
					],
					[
						49973.6842105263,
						3,
						0
					],
					[
						50131.5789473684,
						0,
						0
					],
					[
						50289.4736842105,
						1,
						0
					],
					[
						50447.3684210526,
						2,
						0
					]
				],
				"lengthInSteps": 16,
				"altAnim": false,
				"bpm": 190,
				"changeBPM": false,
				"mustHitSection": true
			},
			{
				"typeOfSection": 0,
				"sectionNotes": [
					[
						50921.0526315789,
						3,
						0
					],
					[
						50605.2631578947,
						3,
						157.894736842105
					],
					[
						51078.947368421,
						0,
						0
					],
					[
						51236.8421052632,
						2,
						0
					],
					[
						51394.7368421053,
						2,
						0
					],
					[
						51552.6315789474,
						0,
						0
					]
				],
				"lengthInSteps": 16,
				"altAnim": false,
				"bpm": 190,
				"changeBPM": false,
				"mustHitSection": false
			},
			{
				"typeOfSection": 0,
				"sectionNotes": [
					[
						51868.4210526316,
						3,
						0
					],
					[
						52184.2105263158,
						1,
						0
					],
					[
						52342.1052631579,
						0,
						0
					],
					[
						52657.8947368421,
						2,
						0
					],
					[
						52736.8421052631,
						1,
						0
					],
					[
						52815.7894736842,
						0,
						0
					],
					[
						52894.7368421052,
						3,
						0
					]
				],
				"lengthInSteps": 16,
				"altAnim": false,
				"bpm": 190,
				"changeBPM": false,
				"mustHitSection": false
			},
			{
				"typeOfSection": 0,
				"sectionNotes": [
					[
						53131.5789473684,
						3,
						0
					],
					[
						53289.4736842105,
						3,
						0
					],
					[
						53447.3684210526,
						2,
						0
					],
					[
						53605.2631578947,
						1,
						0
					],
					[
						53763.1578947368,
						3,
						0
					],
					[
						53921.0526315789,
						0,
						0
					],
					[
						54078.9473684211,
						3,
						0
					],
					[
						54236.8421052632,
						0,
						0
					]
				],
				"lengthInSteps": 16,
				"altAnim": false,
				"bpm": 190,
				"changeBPM": false,
				"mustHitSection": false
			},
			{
				"typeOfSection": 0,
				"sectionNotes": [
					[
						55026.3157894737,
						2,
						0
					],
					[
						55184.2105263158,
						2,
						0
					],
					[
						54394.7368421053,
						3,
						0
					],
					[
						54710.5263157895,
						1,
						0
					],
					[
						54868.4210526316,
						0,
						0
					],
					[
						55342.1052631579,
						3,
						0
					]
				],
				"lengthInSteps": 16,
				"altAnim": false,
				"bpm": 190,
				"changeBPM": false,
				"mustHitSection": false
			},
			{
				"typeOfSection": 0,
				"sectionNotes": [
					[
						55973.6842105263,
						3,
						0
					],
					[
						55657.8947368421,
						3,
						157.894736842105
					],
					[
						56131.5789473684,
						0,
						0
					],
					[
						56289.4736842105,
						2,
						0
					],
					[
						56447.3684210526,
						2,
						0
					],
					[
						56605.2631578947,
						0,
						0
					]
				],
				"lengthInSteps": 16,
				"altAnim": false,
				"bpm": 190,
				"changeBPM": false,
				"mustHitSection": true
			},
			{
				"typeOfSection": 0,
				"sectionNotes": [
					[
						56921.0526315789,
						3,
						0
					],
					[
						57236.8421052631,
						1,
						0
					],
					[
						57394.7368421053,
						0,
						0
					],
					[
						57710.5263157894,
						2,
						0
					],
					[
						57868.4210526316,
						0,
						0
					],
					[
						57947.3684210526,
						3,
						0
					],
					[
						57789.4736842105,
						1,
						0
					]
				],
				"lengthInSteps": 16,
				"altAnim": false,
				"bpm": 190,
				"changeBPM": false,
				"mustHitSection": true
			},
			{
				"typeOfSection": 0,
				"sectionNotes": [
					[
						58184.2105263158,
						3,
						0
					],
					[
						58342.1052631579,
						3,
						0
					],
					[
						58500,
						2,
						0
					],
					[
						58657.8947368421,
						1,
						0
					],
					[
						58815.7894736842,
						3,
						0
					],
					[
						58973.6842105263,
						0,
						0
					],
					[
						59131.5789473684,
						3,
						0
					],
					[
						59289.4736842105,
						0,
						0
					]
				],
				"lengthInSteps": 16,
				"altAnim": false,
				"bpm": 190,
				"changeBPM": false,
				"mustHitSection": true
			},
			{
				"typeOfSection": 0,
				"sectionNotes": [
					[
						60078.9473684211,
						2,
						0
					],
					[
						60236.8421052631,
						2,
						0
					],
					[
						59447.3684210526,
						3,
						0
					],
					[
						59763.1578947368,
						1,
						0
					],
					[
						59921.0526315789,
						0,
						0
					],
					[
						60394.7368421053,
						3,
						0
					]
				],
				"lengthInSteps": 16,
				"altAnim": false,
				"bpm": 190,
				"changeBPM": false,
				"mustHitSection": true
			},
			{
				"typeOfSection": 0,
				"sectionNotes": [
					[
						60710.5263157894,
						2,
						0
					],
					[
						60868.4210526315,
						0,
						0
					],
					[
						61026.3157894736,
						3,
						0
					],
					[
						61184.2105263158,
						1,
						0
					],
					[
						61342.1052631579,
						3,
						0
					],
					[
						61500,
						3,
						0
					],
					[
						61657.8947368421,
						0,
						157.894736842105
					],
					[
						61657.8947368421,
						1,
						157.894736842105
					],
					[
						61657.8947368421,
						2,
						157.894736842105
					],
					[
						61657.8947368421,
						3,
						157.894736842105
					]
				],
				"lengthInSteps": 16,
				"altAnim": false,
				"bpm": 190,
				"changeBPM": false,
				"mustHitSection": false
			},
			{
				"typeOfSection": 0,
				"sectionNotes": [
					[
						61973.6842105263,
						0,
						0
					],
					[
						62131.5789473684,
						2,
						0
					],
					[
						62289.4736842105,
						0,
						0
					],
					[
						62447.3684210526,
						1,
						0
					],
					[
						62605.2631578947,
						3,
						0
					],
					[
						62763.1578947368,
						2,
						0
					],
					[
						62921.0526315789,
						1,
						0
					],
					[
						63078.947368421,
						3,
						0
					]
				],
				"lengthInSteps": 16,
				"altAnim": false,
				"bpm": 190,
				"changeBPM": false,
				"mustHitSection": false
			},
			{
				"typeOfSection": 0,
				"sectionNotes": [
					[
						63236.8421052631,
						0,
						0
					],
					[
						63394.7368421052,
						2,
						0
					],
					[
						63473.6842105263,
						0,
						0
					],
					[
						63552.6315789473,
						0,
						0
					],
					[
						64184.2105263158,
						3,
						0
					],
					[
						63789.4736842105,
						3,
						78.9473684210526
					],
					[
						63789.4736842105,
						2,
						78.9473684210526
					],
					[
						63789.4736842105,
						1,
						78.9473684210526
					],
					[
						63789.4736842105,
						0,
						78.9473684210526
					],
					[
						63631.5789473684,
						0,
						78.9473684210526
					],
					[
						63631.5789473684,
						1,
						78.9473684210526
					],
					[
						63631.5789473684,
						2,
						78.9473684210526
					],
					[
						63631.5789473684,
						3,
						78.9473684210526
					],
					[
						63947.3684210526,
						3,
						78.9473684210526
					],
					[
						63947.3684210526,
						1,
						78.9473684210526
					],
					[
						63947.3684210526,
						0,
						78.9473684210526
					],
					[
						63947.3684210526,
						2,
						78.9473684210526
					],
					[
						64342.1052631578,
						1,
						0
					]
				],
				"lengthInSteps": 16,
				"altAnim": false,
				"bpm": 190,
				"changeBPM": false,
				"mustHitSection": false
			},
			{
				"typeOfSection": 0,
				"sectionNotes": [
					[
						64500,
						1,
						0
					],
					[
						64657.8947368421,
						0,
						0
					],
					[
						64815.7894736842,
						1,
						0
					],
					[
						64973.6842105263,
						3,
						0
					],
					[
						65131.5789473684,
						1,
						0
					],
					[
						65289.4736842105,
						2,
						0
					],
					[
						65447.3684210526,
						1,
						236.842105263158
					]
				],
				"lengthInSteps": 16,
				"altAnim": false,
				"bpm": 190,
				"changeBPM": false,
				"mustHitSection": false
			},
			{
				"typeOfSection": 0,
				"sectionNotes": [
					[
						65763.1578947368,
						2,
						0
					],
					[
						65921.0526315789,
						0,
						0
					],
					[
						66078.947368421,
						3,
						0
					],
					[
						66236.8421052631,
						1,
						0
					],
					[
						66394.7368421052,
						3,
						0
					],
					[
						66473.6842105263,
						3,
						157.894736842105
					],
					[
						66710.5263157894,
						2,
						0
					],
					[
						66868.4210526315,
						0,
						0
					]
				],
				"lengthInSteps": 16,
				"altAnim": false,
				"bpm": 190,
				"changeBPM": false,
				"mustHitSection": true
			},
			{
				"typeOfSection": 0,
				"sectionNotes": [
					[
						67026.3157894736,
						1,
						0
					],
					[
						67184.2105263157,
						2,
						0
					],
					[
						67342.1052631578,
						0,
						0
					],
					[
						67500,
						1,
						0
					],
					[
						67657.8947368421,
						3,
						0
					],
					[
						67815.7894736842,
						3,
						0
					],
					[
						67973.6842105263,
						1,
						0
					],
					[
						68131.5789473684,
						3,
						0
					]
				],
				"lengthInSteps": 16,
				"altAnim": false,
				"bpm": 190,
				"changeBPM": false,
				"mustHitSection": true
			},
			{
				"typeOfSection": 0,
				"sectionNotes": [
					[
						68289.4736842105,
						0,
						0
					],
					[
						68447.3684210526,
						0,
						0
					],
					[
						68605.2631578947,
						0,
						0
					],
					[
						68684.2105263157,
						1,
						0
					],
					[
						68763.1578947368,
						2,
						0
					],
					[
						68842.1052631578,
						3,
						0
					],
					[
						68921.0526315789,
						1,
						0
					],
					[
						69078.947368421,
						2,
						0
					],
					[
						69236.8421052631,
						3,
						236.842105263158
					]
				],
				"lengthInSteps": 16,
				"altAnim": false,
				"bpm": 190,
				"changeBPM": false,
				"mustHitSection": true
			},
			{
				"typeOfSection": 0,
				"sectionNotes": [
					[
						69552.6315789473,
						1,
						0
					],
					[
						69710.5263157894,
						3,
						0
					],
					[
						70026.3157894736,
						1,
						0
					],
					[
						69868.4210526315,
						0,
						0
					],
					[
						70184.2105263157,
						3,
						0
					],
					[
						70342.1052631578,
						2,
						0
					],
					[
						70499.9999999999,
						1,
						236.842105263158
					]
				],
				"lengthInSteps": 16,
				"altAnim": false,
				"bpm": 190,
				"changeBPM": false,
				"mustHitSection": true
			},
			{
				"typeOfSection": 0,
				"sectionNotes": [
					[
						70815.7894736842,
						0,
						0
					],
					[
						70973.6842105263,
						1,
						0
					],
					[
						71131.5789473684,
						0,
						0
					],
					[
						71289.4736842105,
						2,
						0
					],
					[
						71447.3684210526,
						3,
						0
					],
					[
						71605.2631578947,
						1,
						0
					],
					[
						71763.1578947368,
						0,
						0
					],
					[
						71921.0526315789,
						3,
						0
					],
					[
						71052.6315789473,
						1,
						0
					]
				],
				"lengthInSteps": 16,
				"altAnim": false,
				"bpm": 190,
				"changeBPM": false,
				"mustHitSection": false
			},
			{
				"typeOfSection": 0,
				"sectionNotes": [
					[
						72078.947368421,
						2,
						0
					],
					[
						72236.8421052631,
						0,
						0
					],
					[
						72394.7368421052,
						1,
						0
					],
					[
						72552.6315789473,
						0,
						0
					],
					[
						72710.5263157894,
						2,
						0
					],
					[
						72868.4210526315,
						3,
						0
					],
					[
						73026.3157894736,
						0,
						0
					],
					[
						73184.2105263157,
						2,
						0
					]
				],
				"lengthInSteps": 16,
				"altAnim": false,
				"bpm": 190,
				"changeBPM": false,
				"mustHitSection": true
			},
			{
				"typeOfSection": 0,
				"sectionNotes": [
					[
						73342.1052631578,
						0,
						0
					],
					[
						73499.9999999999,
						1,
						0
					],
					[
						73657.894736842,
						0,
						0
					],
					[
						73815.7894736842,
						2,
						0
					],
					[
						73973.6842105263,
						3,
						0
					],
					[
						74131.5789473684,
						1,
						0
					],
					[
						74289.4736842105,
						0,
						0
					],
					[
						74447.3684210526,
						3,
						0
					]
				],
				"lengthInSteps": 16,
				"altAnim": false,
				"bpm": 190,
				"changeBPM": false,
				"mustHitSection": false
			},
			{
				"typeOfSection": 0,
				"sectionNotes": [
					[
						74605.2631578947,
						2,
						0
					],
					[
						74763.1578947368,
						0,
						0
					],
					[
						74921.0526315789,
						1,
						0
					],
					[
						75078.947368421,
						3,
						0
					],
					[
						75236.8421052631,
						2,
						0
					],
					[
						75315.7894736841,
						2,
						0
					],
					[
						75394.7368421052,
						3,
						0
					],
					[
						75552.6315789473,
						0,
						0
					],
					[
						75710.5263157894,
						2,
						0
					]
				],
				"lengthInSteps": 16,
				"altAnim": false,
				"bpm": 190,
				"changeBPM": false,
				"mustHitSection": true
			},
			{
				"typeOfSection": 0,
				"sectionNotes": [
					[
						75868.4210526315,
						0,
						0
					],
					[
						76026.3157894736,
						1,
						0
					],
					[
						76184.2105263157,
						0,
						0
					],
					[
						76342.1052631578,
						2,
						0
					],
					[
						76499.9999999999,
						3,
						0
					],
					[
						76578.947368421,
						0,
						0
					],
					[
						76657.894736842,
						3,
						0
					],
					[
						76736.8421052631,
						2,
						0
					],
					[
						76894.7368421052,
						1,
						0
					]
				],
				"lengthInSteps": 16,
				"altAnim": false,
				"bpm": 190,
				"changeBPM": false,
				"mustHitSection": false
			},
			{
				"typeOfSection": 0,
				"sectionNotes": [
					[
						77131.5789473684,
						2,
						0
					],
					[
						77289.4736842105,
						0,
						0
					],
					[
						77447.3684210526,
						1,
						0
					],
					[
						77605.2631578947,
						0,
						0
					],
					[
						77763.1578947368,
						2,
						0
					],
					[
						77842.1052631578,
						2,
						0
					],
					[
						77999.9999999999,
						0,
						0
					],
					[
						78157.894736842,
						1,
						0
					]
				],
				"lengthInSteps": 16,
				"altAnim": false,
				"bpm": 190,
				"changeBPM": false,
				"mustHitSection": true
			},
			{
				"typeOfSection": 0,
				"sectionNotes": [
					[
						78315.7894736841,
						7,
						0
					],
					[
						78394.7368421052,
						2,
						0
					],
					[
						78552.6315789473,
						0,
						0
					],
					[
						78710.5263157894,
						3,
						0
					],
					[
						78868.4210526315,
						1,
						0
					],
					[
						79026.3157894736,
						2,
						0
					],
					[
						79184.2105263157,
						0,
						0
					],
					[
						79342.1052631578,
						2,
						0
					],
					[
						79499.9999999999,
						3,
						0
					]
				],
				"lengthInSteps": 16,
				"altAnim": false,
				"bpm": 190,
				"changeBPM": false,
				"mustHitSection": false
			},
			{
				"typeOfSection": 0,
				"sectionNotes": [
					[
						79657.894736842,
						2,
						0
					],
					[
						79815.7894736841,
						0,
						0
					],
					[
						79973.6842105262,
						1,
						0
					],
					[
						80131.5789473684,
						0,
						0
					],
					[
						80289.4736842105,
						2,
						0
					],
					[
						80447.3684210526,
						3,
						0
					],
					[
						80605.2631578947,
						2,
						0
					],
					[
						80684.2105263157,
						0,
						0
					],
					[
						80763.1578947368,
						1,
						0
					]
				],
				"lengthInSteps": 16,
				"altAnim": false,
				"bpm": 190,
				"changeBPM": false,
				"mustHitSection": true
			},
			{
				"typeOfSection": 0,
				"sectionNotes": [
					[
						80842.1052631578,
						6,
						0
					],
					[
						80921.0526315789,
						7,
						0
					],
					[
						80921.0526315789,
						2,
						0
					],
					[
						81078.947368421,
						3,
						0
					],
					[
						81236.8421052631,
						3,
						0
					],
					[
						81394.7368421052,
						1,
						0
					],
					[
						81552.6315789473,
						0,
						0
					],
					[
						81710.5263157894,
						0,
						0
					],
					[
						81868.4210526315,
						2,
						0
					],
					[
						82026.3157894736,
						2,
						0
					]
				],
				"lengthInSteps": 16,
				"altAnim": false,
				"bpm": 190,
				"changeBPM": false,
				"mustHitSection": false
			},
			{
				"typeOfSection": 0,
				"sectionNotes": [
					[
						82184.2105263157,
						3,
						0
					],
					[
						82342.1052631578,
						1,
						0
					],
					[
						82499.9999999999,
						3,
						0
					],
					[
						82657.894736842,
						0,
						0
					],
					[
						82815.7894736841,
						3,
						0
					],
					[
						82973.6842105262,
						2,
						0
					],
					[
						83131.5789473683,
						0,
						0
					],
					[
						83131.5789473683,
						1,
						0
					],
					[
						83131.5789473683,
						2,
						0
					],
					[
						83131.5789473683,
						3,
						0
					],
					[
						83210.5263157894,
						0,
						0
					],
					[
						83210.5263157894,
						1,
						0
					],
					[
						83210.5263157894,
						2,
						0
					],
					[
						83210.5263157894,
						3,
						0
					],
					[
						83289.4736842104,
						0,
						0
					],
					[
						83289.4736842104,
						1,
						0
					],
					[
						83289.4736842104,
						2,
						0
					],
					[
						83289.4736842104,
						3,
						0
					]
				],
				"lengthInSteps": 16,
				"altAnim": false,
				"bpm": 190,
				"changeBPM": false,
				"mustHitSection": false
			},
			{
				"typeOfSection": 0,
				"sectionNotes": [
					[
						83447.3684210526,
						2,
						0
					],
					[
						83605.2631578947,
						3,
						0
					],
					[
						83763.1578947368,
						1,
						0
					],
					[
						83921.0526315789,
						3,
						0
					],
					[
						84078.947368421,
						0,
						0
					],
					[
						84236.8421052631,
						3,
						0
					],
					[
						84473.6842105262,
						2,
						0
					]
				],
				"lengthInSteps": 16,
				"altAnim": false,
				"bpm": 190,
				"changeBPM": false,
				"mustHitSection": false
			},
			{
				"typeOfSection": 0,
				"sectionNotes": [
					[
						84710.5263157894,
						2,
						0
					],
					[
						84868.4210526315,
						3,
						0
					],
					[
						85026.3157894736,
						1,
						0
					],
					[
						85184.2105263157,
						0,
						0
					],
					[
						85342.1052631578,
						3,
						0
					],
					[
						85421.0526315789,
						3,
						0
					],
					[
						85421.0526315789,
						1,
						0
					],
					[
						85421.0526315789,
						0,
						0
					],
					[
						85421.0526315789,
						2,
						0
					],
					[
						85578.947368421,
						0,
						0
					],
					[
						85578.947368421,
						1,
						0
					],
					[
						85578.947368421,
						2,
						0
					],
					[
						85578.947368421,
						3,
						0
					],
					[
						85736.8421052631,
						3,
						0
					],
					[
						85736.8421052631,
						2,
						0
					],
					[
						85736.8421052631,
						1,
						0
					],
					[
						85736.8421052631,
						0,
						0
					],
					[
						84631.5789473683,
						0,
						0
					],
					[
						85499.9999999999,
						0,
						0
					]
				],
				"lengthInSteps": 16,
				"altAnim": false,
				"bpm": 190,
				"changeBPM": false,
				"mustHitSection": false
			},
			{
				"typeOfSection": 0,
				"sectionNotes": [
					[
						85973.6842105262,
						2,
						0
					],
					[
						86131.5789473683,
						3,
						0
					],
					[
						86289.4736842104,
						3,
						0
					],
					[
						86447.3684210526,
						1,
						0
					],
					[
						86605.2631578947,
						0,
						0
					],
					[
						86763.1578947368,
						0,
						0
					],
					[
						86921.0526315789,
						2,
						0
					],
					[
						87078.947368421,
						2,
						0
					]
				],
				"lengthInSteps": 16,
				"altAnim": false,
				"bpm": 190,
				"changeBPM": false,
				"mustHitSection": true
			},
			{
				"typeOfSection": 0,
				"sectionNotes": [
					[
						87236.8421052631,
						0,
						0
					],
					[
						87394.7368421052,
						3,
						0
					],
					[
						87552.6315789473,
						1,
						0
					],
					[
						87710.5263157894,
						3,
						0
					],
					[
						87868.4210526315,
						0,
						0
					],
					[
						88026.3157894736,
						3,
						0
					],
					[
						88184.2105263157,
						2,
						0
					],
					[
						88263.1578947368,
						2,
						157.894736842105
					]
				],
				"lengthInSteps": 16,
				"altAnim": false,
				"bpm": 190,
				"changeBPM": false,
				"mustHitSection": true
			},
			{
				"typeOfSection": 0,
				"sectionNotes": [
					[
						88499.9999999999,
						2,
						0
					],
					[
						88657.894736842,
						3,
						0
					],
					[
						88815.7894736841,
						1,
						0
					],
					[
						88973.6842105262,
						3,
						0
					],
					[
						89131.5789473683,
						0,
						0
					],
					[
						89289.4736842104,
						3,
						0
					],
					[
						89447.3684210525,
						1,
						0
					],
					[
						89526.3157894736,
						2,
						0
					],
					[
						89605.2631578946,
						3,
						0
					]
				],
				"lengthInSteps": 16,
				"altAnim": false,
				"bpm": 190,
				"changeBPM": false,
				"mustHitSection": true
			},
			{
				"typeOfSection": 0,
				"sectionNotes": [
					[
						89684.2105263157,
						1,
						0
					],
					[
						89763.1578947368,
						2,
						0
					],
					[
						89921.0526315789,
						3,
						0
					],
					[
						90078.947368421,
						1,
						0
					],
					[
						90236.8421052631,
						3,
						0
					],
					[
						90394.7368421052,
						0,
						0
					],
					[
						90552.6315789473,
						3,
						0
					],
					[
						90710.5263157894,
						2,
						0
					],
					[
						90868.4210526315,
						1,
						0
					]
				],
				"lengthInSteps": 16,
				"altAnim": false,
				"bpm": 190,
				"changeBPM": false,
				"mustHitSection": true
			},
			{
				"typeOfSection": 0,
				"sectionNotes": [
					[
						91342.1052631579,
						3,
						0
					],
					[
						91026.3157894737,
						3,
						157.894736842105
					],
					[
						91500,
						0,
						0
					],
					[
						91657.8947368421,
						2,
						0
					],
					[
						91815.7894736842,
						2,
						0
					],
					[
						91973.6842105263,
						0,
						0
					]
				],
				"lengthInSteps": 16,
				"altAnim": false,
				"bpm": 190,
				"changeBPM": false,
				"mustHitSection": false
			},
			{
				"typeOfSection": 0,
				"sectionNotes": [
					[
						92289.4736842105,
						3,
						0
					],
					[
						92605.2631578947,
						1,
						0
					],
					[
						92763.1578947368,
						0,
						0
					],
					[
						93078.947368421,
						2,
						0
					],
					[
						93157.8947368421,
						1,
						0
					],
					[
						93236.8421052632,
						0,
						0
					],
					[
						93315.7894736842,
						3,
						0
					]
				],
				"lengthInSteps": 16,
				"altAnim": false,
				"bpm": 190,
				"changeBPM": false,
				"mustHitSection": false
			},
			{
				"typeOfSection": 0,
				"sectionNotes": [
					[
						93552.6315789474,
						3,
						0
					],
					[
						93710.5263157895,
						3,
						0
					],
					[
						93868.4210526316,
						2,
						0
					],
					[
						94026.3157894737,
						1,
						0
					],
					[
						94184.2105263158,
						3,
						0
					],
					[
						94342.1052631579,
						0,
						0
					],
					[
						94500,
						3,
						0
					],
					[
						94657.8947368421,
						0,
						0
					]
				],
				"lengthInSteps": 16,
				"altAnim": false,
				"bpm": 190,
				"changeBPM": false,
				"mustHitSection": false
			},
			{
				"typeOfSection": 0,
				"sectionNotes": [
					[
						95447.3684210526,
						2,
						0
					],
					[
						95605.2631578947,
						2,
						0
					],
					[
						94815.7894736842,
						3,
						0
					],
					[
						95131.5789473684,
						1,
						0
					],
					[
						95289.4736842105,
						0,
						0
					],
					[
						95763.1578947368,
						3,
						0
					]
				],
				"lengthInSteps": 16,
				"altAnim": false,
				"bpm": 190,
				"changeBPM": false,
				"mustHitSection": false
			},
			{
				"typeOfSection": 0,
				"sectionNotes": [
					[
						96394.7368421053,
						3,
						0
					],
					[
						96078.947368421,
						3,
						157.894736842105
					],
					[
						96552.6315789474,
						0,
						0
					],
					[
						96710.5263157895,
						2,
						0
					],
					[
						96868.4210526316,
						2,
						0
					],
					[
						97026.3157894737,
						0,
						0
					]
				],
				"lengthInSteps": 16,
				"altAnim": false,
				"bpm": 190,
				"changeBPM": false,
				"mustHitSection": true
			},
			{
				"typeOfSection": 0,
				"sectionNotes": [
					[
						97342.1052631579,
						3,
						0
					],
					[
						97657.8947368421,
						1,
						0
					],
					[
						97815.7894736842,
						0,
						0
					],
					[
						98131.5789473684,
						2,
						0
					],
					[
						98210.5263157895,
						1,
						0
					],
					[
						98289.4736842105,
						0,
						0
					],
					[
						98368.4210526316,
						3,
						0
					]
				],
				"lengthInSteps": 16,
				"altAnim": false,
				"bpm": 190,
				"changeBPM": false,
				"mustHitSection": true
			},
			{
				"typeOfSection": 0,
				"sectionNotes": [
					[
						98605.2631578947,
						3,
						0
					],
					[
						98763.1578947368,
						3,
						0
					],
					[
						98921.0526315789,
						2,
						0
					],
					[
						99078.947368421,
						1,
						0
					],
					[
						99236.8421052632,
						3,
						0
					],
					[
						99394.7368421053,
						0,
						0
					],
					[
						99552.6315789474,
						3,
						0
					],
					[
						99710.5263157895,
						0,
						0
					]
				],
				"lengthInSteps": 16,
				"altAnim": false,
				"bpm": 190,
				"changeBPM": false,
				"mustHitSection": true
			},
			{
				"typeOfSection": 0,
				"sectionNotes": [
					[
						100500,
						2,
						0
					],
					[
						100657.894736842,
						2,
						0
					],
					[
						99868.4210526316,
						3,
						0
					],
					[
						100184.210526316,
						1,
						0
					],
					[
						100342.105263158,
						0,
						0
					],
					[
						100815.789473684,
						3,
						0
					]
				],
				"lengthInSteps": 16,
				"altAnim": false,
				"bpm": 190,
				"changeBPM": false,
				"mustHitSection": true
			},
			{
				"typeOfSection": 0,
				"sectionNotes": [],
				"lengthInSteps": 16,
				"altAnim": false,
				"bpm": 190,
				"changeBPM": false,
				"mustHitSection": true
			},
			{
				"lengthInSteps": 16,
				"typeOfSection": 0,
				"sectionNotes": [],
				"altAnim": false,
				"bpm": 190,
				"changeBPM": false,
				"mustHitSection": true
			},
			{
				"lengthInSteps": 16,
				"typeOfSection": 0,
				"sectionNotes": [],
				"altAnim": false,
				"bpm": 190,
				"changeBPM": false,
				"mustHitSection": true
			},
			{
				"lengthInSteps": 16,
				"typeOfSection": 0,
				"sectionNotes": [],
				"altAnim": false,
				"bpm": 190,
				"changeBPM": false,
				"mustHitSection": true
			},
			{
				"lengthInSteps": 16,
				"typeOfSection": 0,
				"sectionNotes": [],
				"altAnim": false,
				"bpm": 190,
				"changeBPM": false,
				"mustHitSection": true
			},
			{
				"lengthInSteps": 16,
				"typeOfSection": 0,
				"sectionNotes": [],
				"altAnim": false,
				"bpm": 190,
				"changeBPM": false,
				"mustHitSection": true
			},
			{
				"lengthInSteps": 16,
				"typeOfSection": 0,
				"sectionNotes": [],
				"altAnim": false,
				"bpm": 190,
				"changeBPM": false,
				"mustHitSection": true
			},
			{
				"lengthInSteps": 16,
				"typeOfSection": 0,
				"sectionNotes": [],
				"altAnim": false,
				"bpm": 190,
				"changeBPM": false,
				"mustHitSection": true
			},
			{
				"lengthInSteps": 16,
				"typeOfSection": 0,
				"sectionNotes": [],
				"altAnim": false,
				"bpm": 190,
				"changeBPM": false,
				"mustHitSection": true
			},
			{
				"lengthInSteps": 16,
				"typeOfSection": 0,
				"sectionNotes": [],
				"altAnim": false,
				"bpm": 190,
				"changeBPM": false,
				"mustHitSection": true
			},
			{
				"lengthInSteps": 16,
				"typeOfSection": 0,
				"sectionNotes": [],
				"altAnim": false,
				"bpm": 190,
				"changeBPM": false,
				"mustHitSection": true
			},
			{
				"sectionNotes": [],
				"typeOfSection": 0,
				"lengthInSteps": 16,
				"altAnim": false,
				"mustHitSection": true,
				"changeBPM": false,
				"bpm": 190
			},
			{
				"lengthInSteps": 16,
				"typeOfSection": 0,
				"sectionNotes": [],
				"altAnim": false,
				"bpm": 190,
				"changeBPM": false,
				"mustHitSection": true
			},
			{
				"lengthInSteps": 16,
				"typeOfSection": 0,
				"sectionNotes": [],
				"altAnim": false,
				"bpm": 190,
				"changeBPM": false,
				"mustHitSection": true
			},
			{
				"sectionNotes": [],
				"typeOfSection": 0,
				"lengthInSteps": 16,
				"altAnim": false,
				"mustHitSection": true,
				"changeBPM": false,
				"bpm": 190
			},
			{
				"sectionNotes": [],
				"typeOfSection": 0,
				"lengthInSteps": 16,
				"altAnim": false,
				"mustHitSection": true,
				"changeBPM": false,
				"bpm": 190
			},
			{
				"sectionNotes": [],
				"typeOfSection": 0,
				"lengthInSteps": 16,
				"altAnim": false,
				"mustHitSection": true,
				"changeBPM": false,
				"bpm": 190
			},
			{
				"lengthInSteps": 16,
				"typeOfSection": 0,
				"sectionNotes": [],
				"altAnim": false,
				"bpm": 190,
				"changeBPM": false,
				"mustHitSection": true
			},
			{
				"sectionNotes": [],
				"typeOfSection": 0,
				"lengthInSteps": 16,
				"altAnim": false,
				"mustHitSection": true,
				"changeBPM": false,
				"bpm": 190
			},
			{
				"lengthInSteps": 16,
				"typeOfSection": 0,
				"sectionNotes": [],
				"altAnim": false,
				"bpm": 190,
				"changeBPM": false,
				"mustHitSection": true
			},
			{
				"sectionNotes": [],
				"typeOfSection": 0,
				"lengthInSteps": 16,
				"altAnim": false,
				"mustHitSection": true,
				"changeBPM": false,
				"bpm": 190
			},
			{
				"lengthInSteps": 16,
				"typeOfSection": 0,
				"sectionNotes": [],
				"altAnim": false,
				"bpm": 190,
				"changeBPM": false,
				"mustHitSection": true
			},
			{
				"lengthInSteps": 16,
				"typeOfSection": 0,
				"sectionNotes": [],
				"altAnim": false,
				"bpm": 190,
				"changeBPM": false,
				"mustHitSection": true
			},
			{
				"lengthInSteps": 16,
				"typeOfSection": 0,
				"sectionNotes": [],
				"altAnim": false,
				"bpm": 190,
				"changeBPM": false,
				"mustHitSection": true
			},
			{
				"lengthInSteps": 16,
				"typeOfSection": 0,
				"sectionNotes": [],
				"altAnim": false,
				"bpm": 190,
				"changeBPM": false,
				"mustHitSection": true
			},
			{
				"lengthInSteps": 16,
				"typeOfSection": 0,
				"sectionNotes": [],
				"altAnim": false,
				"bpm": 190,
				"changeBPM": false,
				"mustHitSection": true
			},
			{
				"lengthInSteps": 16,
				"typeOfSection": 0,
				"sectionNotes": [],
				"altAnim": false,
				"bpm": 190,
				"changeBPM": false,
				"mustHitSection": true
			},
			{
				"lengthInSteps": 16,
				"typeOfSection": 0,
				"sectionNotes": [],
				"altAnim": false,
				"bpm": 190,
				"changeBPM": false,
				"mustHitSection": true
			},
			{
				"lengthInSteps": 16,
				"typeOfSection": 0,
				"sectionNotes": [],
				"altAnim": false,
				"bpm": 190,
				"changeBPM": false,
				"mustHitSection": true
			},
			{
				"lengthInSteps": 16,
				"typeOfSection": 0,
				"sectionNotes": [],
				"altAnim": false,
				"bpm": 190,
				"changeBPM": false,
				"mustHitSection": true
			},
			{
				"lengthInSteps": 16,
				"typeOfSection": 0,
				"sectionNotes": [],
				"altAnim": false,
				"bpm": 190,
				"changeBPM": false,
				"mustHitSection": true
			},
			{
				"lengthInSteps": 16,
				"typeOfSection": 0,
				"sectionNotes": [],
				"altAnim": false,
				"bpm": 190,
				"changeBPM": false,
				"mustHitSection": true
			},
			{
				"sectionNotes": [],
				"typeOfSection": 0,
				"lengthInSteps": 16,
				"altAnim": false,
				"mustHitSection": true,
				"changeBPM": false,
				"bpm": 190
			},
			{
				"sectionNotes": [],
				"typeOfSection": 0,
				"lengthInSteps": 16,
				"altAnim": false,
				"mustHitSection": true,
				"changeBPM": false,
				"bpm": 190
			},
			{
				"sectionNotes": [],
				"typeOfSection": 0,
				"lengthInSteps": 16,
				"altAnim": false,
				"mustHitSection": true,
				"changeBPM": false,
				"bpm": 190
			},
			{
				"sectionNotes": [],
				"typeOfSection": 0,
				"lengthInSteps": 16,
				"altAnim": false,
				"mustHitSection": true,
				"changeBPM": false,
				"bpm": 190
			},
			{
				"sectionNotes": [],
				"typeOfSection": 0,
				"lengthInSteps": 16,
				"altAnim": false,
				"mustHitSection": true,
				"changeBPM": false,
				"bpm": 190
			},
			{
				"lengthInSteps": 16,
				"typeOfSection": 0,
				"sectionNotes": [],
				"altAnim": false,
				"bpm": 190,
				"changeBPM": false,
				"mustHitSection": true
			},
			{
				"lengthInSteps": 16,
				"typeOfSection": 0,
				"sectionNotes": [],
				"altAnim": false,
				"bpm": 190,
				"changeBPM": false,
				"mustHitSection": true
			},
			{
				"lengthInSteps": 16,
				"typeOfSection": 0,
				"sectionNotes": [],
				"altAnim": false,
				"bpm": 190,
				"changeBPM": false,
				"mustHitSection": true
			},
			{
				"lengthInSteps": 16,
				"typeOfSection": 0,
				"sectionNotes": [],
				"altAnim": false,
				"bpm": 190,
				"changeBPM": false,
				"mustHitSection": true
			},
			{
				"sectionNotes": [],
				"typeOfSection": 0,
				"lengthInSteps": 16,
				"altAnim": false,
				"mustHitSection": true,
				"changeBPM": false,
				"bpm": 190
			},
			{
				"sectionNotes": [],
				"typeOfSection": 0,
				"lengthInSteps": 16,
				"altAnim": false,
				"mustHitSection": true,
				"changeBPM": false,
				"bpm": 190
			},
			{
				"sectionNotes": [],
				"typeOfSection": 0,
				"lengthInSteps": 16,
				"altAnim": false,
				"mustHitSection": true,
				"changeBPM": false,
				"bpm": 190
			},
			{
				"sectionNotes": [],
				"typeOfSection": 0,
				"lengthInSteps": 16,
				"altAnim": false,
				"mustHitSection": true,
				"changeBPM": false,
				"bpm": 190
			},
			{
				"sectionNotes": [],
				"typeOfSection": 0,
				"lengthInSteps": 16,
				"altAnim": false,
				"mustHitSection": true,
				"changeBPM": false,
				"bpm": 190
			},
			{
				"sectionNotes": [],
				"typeOfSection": 0,
				"lengthInSteps": 16,
				"altAnim": false,
				"mustHitSection": true,
				"changeBPM": false,
				"bpm": 190
			},
			{
				"gfSection": false,
				"lengthInSteps": 16,
				"altAnim": false,
				"typeOfSection": 0,
				"sectionNotes": [],
				"bpm": 190,
				"changeBPM": false,
				"mustHitSection": true
			}
		],
		"player3": "gf-pixelD3",
		"song": "Treacherous Thorns",
		"stage": "LolIdk",
		"validScore": true,
		"sections": 0,
		"needsVoices": true,
		"speed": 2.6,
		"bpm": 190
	}
}